<Components xmlns:xsd="http://www.w3.org/2001/XMLSchema" xmlns:xsi="http://www.w3.org/2001/XMLSchema-instance" xmlns="http://schemas.microsoft.com/crm/2009/"><Component><Id>162ca5a8-78c3-e611-80f9-5065f38b4241</Id><Name>Site Map</Name><ComponentType>62</ComponentType><TypeName /><Action>Edit</Action><Comments><Comment>Edited to remove the required components with higher version</Comment><Comment>The Sitemap SubArea nav_relationshipIntelligence hasn't been added to the solution because it contains components , which won't work in earlier versions of CRM.</Comment><Comment>The Sitemap SubArea nav_microsoftflow hasn't been added to the solution because it contains components , which won't work in earlier versions of CRM.</Comment><Comment>The Sitemap SubArea nav_learning_path hasn't been added to the solution because it contains components , which won't work in earlier versions of CRM.</Comment></Comments></Component><Component><Id>b6a3a39c-ca04-4dd2-95d5-da59fb282e06</Id><Name>Follow Email Activity</Name><ComponentType>2</ComponentType><TypeName>Attribute</TypeName><ParentEntity>Contact</ParentEntity><Action>Remove</Action><Comments><Comment>The Attribute Follow Email Activity hasn't been added to the solution because it's a new Attribute, or it contains components that won't work in earlier versions of CRM. 
    </Comment></Comments></Component><Component><Id>895d0811-bc1b-407d-9fd6-5425a0a3c859</Id><Name>Marketing Only</Name><ComponentType>2</ComponentType><TypeName>Attribute</TypeName><ParentEntity>Contact</ParentEntity><Action>Remove</Action><Comments><Comment>The Attribute Marketing Only hasn't been added to the solution because it's a new Attribute, or it contains components that won't work in earlier versions of CRM. 
    </Comment></Comments></Component><Component><Id>a9f536d0-846a-46aa-a124-1927a5b03ce2</Id><Name>Time Spent by me</Name><ComponentType>2</ComponentType><TypeName>Attribute</TypeName><ParentEntity>Contact</ParentEntity><Action>Remove</Action><Comments><Comment>The Attribute Time Spent by me hasn't been added to the solution because it's a new Attribute, or it contains components that won't work in earlier versions of CRM. 
    </Comment></Comments></Component><Component><Id>e841f21a-7bc3-e611-80f9-5065f38b4241</Id><Name>e841f21a-7bc3-e611-80f9-5065f38b4241</Name><ComponentType>47</ComponentType><TypeName>Attribute Map</TypeName><ParentEntity /><Action>Remove</Action><Comments><Comment>The Attribute Map e841f21a-7bc3-e611-80f9-5065f38b4241 hasn't been added to the solution because it contains at least one Attribute that won't work in earlier versions of CRM. 
    </Comment></Comments></Component></Components>