<ImportExportXml version="8.1.0000.0452" SolutionPackageVersion="8.0" languagecode="1033" generatedBy="CrmLive" xmlns:xsi="http://www.w3.org/2001/XMLSchema-instance">
  <SolutionManifest>
    <UniqueName>CampaignMonitor</UniqueName>
    <LocalizedNames>
      <LocalizedName description="Campaign Monitor" languagecode="1033" />
    </LocalizedNames>
    <Descriptions />
    <Version>1.0.21.0</Version>
    <Managed>1</Managed>
    <ConfigurationPage>campmon_/Pages/landing.html</ConfigurationPage>
    <Publisher>
      <UniqueName>campaignmonitor</UniqueName>
      <LocalizedNames>
        <LocalizedName description="Campaign Monitor" languagecode="1033" />
      </LocalizedNames>
      <Descriptions />
      <EMailAddress>integrations@campaignmonitor.com</EMailAddress>
      <SupportingWebsiteUrl xsi:nil="true"></SupportingWebsiteUrl>
      <CustomizationPrefix>campmon</CustomizationPrefix>
      <CustomizationOptionValuePrefix>77823</CustomizationOptionValuePrefix>
      <Addresses>
        <Address>
          <AddressNumber>1</AddressNumber>
          <AddressTypeCode>1</AddressTypeCode>
          <City xsi:nil="true"></City>
          <County xsi:nil="true"></County>
          <Country xsi:nil="true"></Country>
          <Fax xsi:nil="true"></Fax>
          <FreightTermsCode xsi:nil="true"></FreightTermsCode>
          <ImportSequenceNumber xsi:nil="true"></ImportSequenceNumber>
          <Latitude xsi:nil="true"></Latitude>
          <Line1 xsi:nil="true"></Line1>
          <Line2 xsi:nil="true"></Line2>
          <Line3 xsi:nil="true"></Line3>
          <Longitude xsi:nil="true"></Longitude>
          <Name xsi:nil="true"></Name>
          <PostalCode xsi:nil="true"></PostalCode>
          <PostOfficeBox xsi:nil="true"></PostOfficeBox>
          <PrimaryContactName xsi:nil="true"></PrimaryContactName>
          <ShippingMethodCode>1</ShippingMethodCode>
          <StateOrProvince xsi:nil="true"></StateOrProvince>
          <Telephone1 xsi:nil="true"></Telephone1>
          <Telephone2 xsi:nil="true"></Telephone2>
          <Telephone3 xsi:nil="true"></Telephone3>
          <TimeZoneRuleVersionNumber xsi:nil="true"></TimeZoneRuleVersionNumber>
          <UPSZone xsi:nil="true"></UPSZone>
          <UTCOffset xsi:nil="true"></UTCOffset>
          <UTCConversionTimeZoneCode xsi:nil="true"></UTCConversionTimeZoneCode>
        </Address>
        <Address>
          <AddressNumber>2</AddressNumber>
          <AddressTypeCode>1</AddressTypeCode>
          <City xsi:nil="true"></City>
          <County xsi:nil="true"></County>
          <Country xsi:nil="true"></Country>
          <Fax xsi:nil="true"></Fax>
          <FreightTermsCode xsi:nil="true"></FreightTermsCode>
          <ImportSequenceNumber xsi:nil="true"></ImportSequenceNumber>
          <Latitude xsi:nil="true"></Latitude>
          <Line1 xsi:nil="true"></Line1>
          <Line2 xsi:nil="true"></Line2>
          <Line3 xsi:nil="true"></Line3>
          <Longitude xsi:nil="true"></Longitude>
          <Name xsi:nil="true"></Name>
          <PostalCode xsi:nil="true"></PostalCode>
          <PostOfficeBox xsi:nil="true"></PostOfficeBox>
          <PrimaryContactName xsi:nil="true"></PrimaryContactName>
          <ShippingMethodCode>1</ShippingMethodCode>
          <StateOrProvince xsi:nil="true"></StateOrProvince>
          <Telephone1 xsi:nil="true"></Telephone1>
          <Telephone2 xsi:nil="true"></Telephone2>
          <Telephone3 xsi:nil="true"></Telephone3>
          <TimeZoneRuleVersionNumber xsi:nil="true"></TimeZoneRuleVersionNumber>
          <UPSZone xsi:nil="true"></UPSZone>
          <UTCOffset xsi:nil="true"></UTCOffset>
          <UTCConversionTimeZoneCode xsi:nil="true"></UTCConversionTimeZoneCode>
        </Address>
      </Addresses>
    </Publisher>
    <RootComponents>
      <RootComponent type="1" schemaName="campmon_configuration" behavior="0" />
      <RootComponent type="1" schemaName="campmon_message" behavior="0" />
      <RootComponent type="29" id="{aa38644b-9b8b-4d5b-b0ab-c3699741c4e1}" behavior="0" />
      <RootComponent type="29" id="{c5c1ade9-81c8-4efd-9d32-98f1ebbf3b92}" behavior="0" />
      <RootComponent type="60" id="{57961b34-cb25-49e6-8867-b6178805f3dd}" behavior="0" />
      <RootComponent type="61" schemaName="campmon_/Pages/configuration.html" behavior="0" />
      <RootComponent type="61" schemaName="campmon_/Pages/landing.html" behavior="0" />
      <RootComponent type="61" schemaName="campmon_/Pages/oauth.html" behavior="0" />
      <RootComponent type="61" schemaName="campmon_/Pages/Styles/styles.css" behavior="0" />
      <RootComponent type="61" schemaName="campmon_/Pages/Styles/styles_ie.css" behavior="0" />
      <RootComponent type="61" schemaName="campmon_/Scripts/configurationPage.js" behavior="0" />
      <RootComponent type="61" schemaName="campmon_/Scripts/Libraries/knockout340.js" behavior="0" />
      <RootComponent type="61" schemaName="campmon_/Scripts/Libraries/webApiRest.js" behavior="0" />
      <RootComponent type="91" schemaName="Campmon.Dynamics.Plugins, Version=1.0.0.0, Culture=neutral, PublicKeyToken=04d3415392f2affd" behavior="0" />
      <RootComponent type="91" schemaName="Campmon.Dynamics.WorkflowActivities, Version=1.0.0.28045, Culture=neutral, PublicKeyToken=04d3415392f2affd" behavior="0" />
      <RootComponent type="92" id="{0f585974-b54f-e611-80e8-3863bb347a00}" behavior="0" />
      <RootComponent type="92" id="{366b2902-975d-e611-80e8-3863bb347a00}" behavior="0" />
      <RootComponent type="92" id="{3c83643f-ad4e-e611-80e8-3863bb347a00}" behavior="0" />
      <RootComponent type="92" id="{de82c136-b84f-e611-80e9-3863bb3ca4a0}" behavior="0" />
    </RootComponents>
    <MissingDependencies />
  </SolutionManifest>
</ImportExportXml>