<ImportExportXml version="8.2.0000.0774" SolutionPackageVersion="8.1" languagecode="1033" generatedBy="CrmLive" xmlns:xsi="http://www.w3.org/2001/XMLSchema-instance">
  <SolutionManifest>
    <UniqueName>CampaignMonitor</UniqueName>
    <LocalizedNames>
      <LocalizedName description="Campaign Monitor" languagecode="1033" />
    </LocalizedNames>
    <Descriptions />
    <Version>1.1.0.4</Version>
    <Managed>1</Managed>
    <ConfigurationPage>campmon_/Pages/landing.html</ConfigurationPage>
    <Publisher>
      <UniqueName>campaignmonitor</UniqueName>
      <LocalizedNames>
        <LocalizedName description="Campaign Monitor" languagecode="1033" />
      </LocalizedNames>
      <Descriptions />
      <EMailAddress>integrations@campaignmonitor.com</EMailAddress>
      <SupportingWebsiteUrl xsi:nil="true"></SupportingWebsiteUrl>
      <CustomizationPrefix>campmon</CustomizationPrefix>
      <CustomizationOptionValuePrefix>77823</CustomizationOptionValuePrefix>
      <Addresses>
        <Address>
          <AddressNumber>1</AddressNumber>
          <AddressTypeCode>1</AddressTypeCode>
          <City xsi:nil="true"></City>
          <County xsi:nil="true"></County>
          <Country xsi:nil="true"></Country>
          <Fax xsi:nil="true"></Fax>
          <FreightTermsCode xsi:nil="true"></FreightTermsCode>
          <ImportSequenceNumber xsi:nil="true"></ImportSequenceNumber>
          <Latitude xsi:nil="true"></Latitude>
          <Line1 xsi:nil="true"></Line1>
          <Line2 xsi:nil="true"></Line2>
          <Line3 xsi:nil="true"></Line3>
          <Longitude xsi:nil="true"></Longitude>
          <Name xsi:nil="true"></Name>
          <PostalCode xsi:nil="true"></PostalCode>
          <PostOfficeBox xsi:nil="true"></PostOfficeBox>
          <PrimaryContactName xsi:nil="true"></PrimaryContactName>
          <ShippingMethodCode>1</ShippingMethodCode>
          <StateOrProvince xsi:nil="true"></StateOrProvince>
          <Telephone1 xsi:nil="true"></Telephone1>
          <Telephone2 xsi:nil="true"></Telephone2>
          <Telephone3 xsi:nil="true"></Telephone3>
          <TimeZoneRuleVersionNumber xsi:nil="true"></TimeZoneRuleVersionNumber>
          <UPSZone xsi:nil="true"></UPSZone>
          <UTCOffset xsi:nil="true"></UTCOffset>
          <UTCConversionTimeZoneCode xsi:nil="true"></UTCConversionTimeZoneCode>
        </Address>
        <Address>
          <AddressNumber>2</AddressNumber>
          <AddressTypeCode>1</AddressTypeCode>
          <City xsi:nil="true"></City>
          <County xsi:nil="true"></County>
          <Country xsi:nil="true"></Country>
          <Fax xsi:nil="true"></Fax>
          <FreightTermsCode xsi:nil="true"></FreightTermsCode>
          <ImportSequenceNumber xsi:nil="true"></ImportSequenceNumber>
          <Latitude xsi:nil="true"></Latitude>
          <Line1 xsi:nil="true"></Line1>
          <Line2 xsi:nil="true"></Line2>
          <Line3 xsi:nil="true"></Line3>
          <Longitude xsi:nil="true"></Longitude>
          <Name xsi:nil="true"></Name>
          <PostalCode xsi:nil="true"></PostalCode>
          <PostOfficeBox xsi:nil="true"></PostOfficeBox>
          <PrimaryContactName xsi:nil="true"></PrimaryContactName>
          <ShippingMethodCode>1</ShippingMethodCode>
          <StateOrProvince xsi:nil="true"></StateOrProvince>
          <Telephone1 xsi:nil="true"></Telephone1>
          <Telephone2 xsi:nil="true"></Telephone2>
          <Telephone3 xsi:nil="true"></Telephone3>
          <TimeZoneRuleVersionNumber xsi:nil="true"></TimeZoneRuleVersionNumber>
          <UPSZone xsi:nil="true"></UPSZone>
          <UTCOffset xsi:nil="true"></UTCOffset>
          <UTCConversionTimeZoneCode xsi:nil="true"></UTCConversionTimeZoneCode>
        </Address>
      </Addresses>
    </Publisher>
    <RootComponents>
      <RootComponent type="1" schemaName="campmon_cmcampaign" behavior="0" />
      <RootComponent type="1" schemaName="campmon_cmcampaignactivitydetail" behavior="0" />
      <RootComponent type="1" schemaName="campmon_cmcampaignactivitysummary" behavior="0" />
      <RootComponent type="1" schemaName="campmon_configuration" behavior="0" />
      <RootComponent type="1" schemaName="campmon_message" behavior="0" />
      <RootComponent type="1" schemaName="contact" behavior="0" />
      <RootComponent type="9" schemaName="campmon_event" behavior="0" />
      <RootComponent type="9" schemaName="campmon_subscriptionstatus" behavior="0" />
      <RootComponent type="20" id="{e4b262ac-ceb8-e611-80fb-5065f38a2b61}" behavior="0" />
      <RootComponent type="29" id="{23c77ab4-8963-4cb9-939c-e99c408ef27a}" behavior="0" />
      <RootComponent type="29" id="{85756c5c-e44d-46db-8c09-e19b1600fc48}" behavior="0" />
      <RootComponent type="29" id="{a3824340-b3d8-4bfa-ac6a-9bf0fde4d4fc}" behavior="0" />
      <RootComponent type="29" id="{a3a01674-5772-4d42-afa6-66535f8f0ffa}" behavior="0" />
      <RootComponent type="29" id="{aa38644b-9b8b-4d5b-b0ab-c3699741c4e1}" behavior="0" />
      <RootComponent type="29" id="{b7783e45-c69d-4f80-87f3-717cc3dc0c0a}" behavior="0" />
      <RootComponent type="29" id="{c5c1ade9-81c8-4efd-9d32-98f1ebbf3b92}" behavior="0" />
      <RootComponent type="29" id="{ef1b2141-2c58-4514-b879-f7d2bfd9bb0c}" behavior="0" />
      <RootComponent type="60" id="{16f46b7a-9a09-4e29-a4f6-797d8fe304ec}" behavior="0" />
      <RootComponent type="60" id="{1fed44d1-ae68-4a41-bd2b-f13acac4acfa}" behavior="0" />
      <RootComponent type="60" id="{57961b34-cb25-49e6-8867-b6178805f3dd}" behavior="0" />
      <RootComponent type="60" id="{69c5b9b4-ff2c-4b1d-aba0-a5b336ac2982}" behavior="0" />
      <RootComponent type="60" id="{70ad8b15-e3f3-4d7d-9e4b-16cb4e51b484}" behavior="0" />
      <RootComponent type="60" id="{76679530-3743-443d-8493-05bfeb267716}" behavior="0" />
      <RootComponent type="60" id="{94b75d18-8173-4bc6-8a77-41976fc76ec3}" behavior="0" />
      <RootComponent type="60" id="{efc0fa4a-0978-4466-9a6a-2350c541f599}" behavior="0" />
      <RootComponent type="60" id="{fbcd786f-3f3b-4541-8fd1-42143f91616a}" behavior="0" />
      <RootComponent type="61" schemaName="campmon_/Images/icon_campmon16x.png" behavior="0" />
      <RootComponent type="61" schemaName="campmon_/Images/icon_campmon32x.png" behavior="0" />
      <RootComponent type="61" schemaName="campmon_/Pages/configuration.html" behavior="0" />
      <RootComponent type="61" schemaName="campmon_/Pages/landing.html" behavior="0" />
      <RootComponent type="61" schemaName="campmon_/Pages/oauth.html" behavior="0" />
      <RootComponent type="61" schemaName="campmon_/Pages/Styles/styles.css" behavior="0" />
      <RootComponent type="61" schemaName="campmon_/Pages/Styles/styles_ie.css" behavior="0" />
      <RootComponent type="61" schemaName="campmon_/Scripts/configurationPage.js" behavior="0" />
      <RootComponent type="61" schemaName="campmon_/Scripts/Libraries/knockout340.js" behavior="0" />
      <RootComponent type="61" schemaName="campmon_/Scripts/Libraries/webApiRest.js" behavior="0" />
      <RootComponent type="62" behavior="0" />
      <RootComponent type="91" schemaName="Campmon.Dynamics.Plugins, Version=1.0.0.0, Culture=neutral, PublicKeyToken=04d3415392f2affd" behavior="0" />
      <RootComponent type="91" schemaName="Campmon.Dynamics.WorkflowActivities, Version=1.0.0.21870, Culture=neutral, PublicKeyToken=04d3415392f2affd" behavior="0" />
      <RootComponent type="92" id="{0f585974-b54f-e611-80e8-3863bb347a00}" behavior="0" />
      <RootComponent type="92" id="{366b2902-975d-e611-80e8-3863bb347a00}" behavior="0" />
      <RootComponent type="92" id="{3c83643f-ad4e-e611-80e8-3863bb347a00}" behavior="0" />
      <RootComponent type="92" id="{de82c136-b84f-e611-80e9-3863bb3ca4a0}" behavior="0" />
    </RootComponents>
    <MissingDependencies>
      <MissingDependency>
        <Required key="0" type="1" schemaName="msdyn_postruleconfig" displayName="Post Rule Configuration" solution="ActivityFeedsCore (8.2.0.0)" />
        <Dependent key="1" type="62" />
      </MissingDependency>
      <MissingDependency>
        <Required key="2" type="1" schemaName="msdyn_postconfig" displayName="Post Configuration" solution="ActivityFeedsCore (8.2.0.0)" />
        <Dependent key="1" type="62" />
      </MissingDependency>
      <MissingDependency>
        <Required key="3" type="61" schemaName="msdyn_/Images/Wall_16.png" displayName="msdyn_/Images/Wall_16.png" solution="ActivityFeedsCore (8.2.0.0)" />
        <Dependent key="1" type="62" />
      </MissingDependency>
      <MissingDependency>
        <Required key="4" type="61" schemaName="msdyn_/PersonalWall.htm" displayName="msdyn_/PersonalWall.htm" solution="ActivityFeedsCore (8.2.0.0)" />
        <Dependent key="1" type="62" />
      </MissingDependency>
    </MissingDependencies>
  </SolutionManifest>
</ImportExportXml>